[{"model": "core.sector", "pk": 1, "fields": {"created_on": "2019-03-07T18:14:10.957Z", "updated_on": "2019-03-07T18:14:10.957Z", "user": null, "name": "Finance", "description": "International Finance values"}}, {"model": "core.sector", "pk": 2, "fields": {"created_on": "2019-03-07T18:14:10.957Z", "updated_on": "2019-03-07T18:14:10.957Z", "user": null, "name": "Aid", "description": "Aid to developing countries"}}, {"model": "core.sector", "pk": 3, "fields": {"created_on": "2019-03-07T18:14:10.957Z", "updated_on": "2019-03-07T18:14:10.957Z", "user": null, "name": "Development", "description": "Activities within Sub saharan Africa targeting development"}}, {"model": "core.theme", "pk": 1, "fields": {"created_on": "2019-03-07T18:14:10.968Z", "updated_on": "2019-03-07T18:14:10.968Z", "user": null, "sector": 1, "name": "International Offical Finance"}}, {"model": "core.theme", "pk": 2, "fields": {"created_on": "2019-03-07T18:14:10.968Z", "updated_on": "2019-03-07T18:14:10.968Z", "user": null, "sector": 1, "name": "IMF Relief Funds"}}, {"model": "core.theme", "pk": 3, "fields": {"created_on": "2019-03-07T18:14:10.968Z", "updated_on": "2019-03-07T18:14:10.968Z", "user": null, "sector": 2, "name": "Unbundling Aid"}}, {"model": "core.tag", "pk": 1, "fields": {"created_on": "2019-03-07T18:14:10.991Z", "updated_on": "2019-03-07T18:14:10.991Z", "user": null, "name": "oda"}}, {"model": "core.tag", "pk": 2, "fields": {"created_on": "2019-03-07T18:14:10.991Z", "updated_on": "2019-03-07T18:14:10.991Z", "user": null, "name": "crs"}}, {"model": "core.tag", "pk": 3, "fields": {"created_on": "2019-03-07T18:14:10.991Z", "updated_on": "2019-03-07T18:14:10.991Z", "user": null, "name": "buyout"}}, {"model": "core.operation", "pk": 1, "fields": {"created_on": "2019-03-07T18:14:10.979Z", "updated_on": "2019-03-07T18:14:10.979Z", "user": null, "name": "Oda query", "description": "Returns all sum of oda from crs table", "operation_query": "Select * from crs.currrent where donor_code =2000 and ftr = 'Bulls'", "theme": 1, "sample_output_path": "/home/ddw/queries/oda_sample.csv", "is_draft": false, "tags": [1, 2, 3]}}, {"model": "core.source", "pk": 1, "fields": {"created_on": "2019-03-07T18:14:10.845Z", "updated_on": null, "user": null, "indicator": "Common Reporting Standard", "indicator_acronym": "crs", "source": "Organization for Economic Corporation and Development", "source_acronym": "oecd", "source_url": "https://stats.oecd.org", "download_path": "https://stats.oecd.org/DownloadFiles.aspx?DatasetCode=CRS1", "last_updated_on": "2019-03-07T18:14:10.845Z", "schema": "repo", "storage_type": "table", "active_mirror_name": "crs_current", "description": "Data about flows of resources", "tags": []}}, {"model": "core.source", "pk": 2, "fields": {"created_on": "2019-03-07T18:14:10.845Z", "updated_on": null, "user": null, "indicator": "Official Development Assistance 1", "indicator_acronym": "dac1", "source": "Organization for Economic Corporation and Development", "source_acronym": "oecd", "source_url": "https://stats.oecd.org", "download_path": "https://stats.oecd.org/DownloadFiles.aspx?DatasetCode=CRS1", "last_updated_on": "2019-03-07T18:14:10.845Z", "schema": "repo", "storage_type": "table", "active_mirror_name": "dac1_current", "description": "Data about flows of resources", "tags": []}}, {"model": "core.source", "pk": 3, "fields": {"created_on": "2019-03-07T18:14:10.845Z", "updated_on": null, "user": null, "indicator": "Official Development Assistance2", "indicator_acronym": "dac2", "source": "Organization for Economic Corporation and Development", "source_acronym": "oecd", "source_url": "https://stats.oecd.org", "download_path": "https://stats.oecd.org/DownloadFiles.aspx?DatasetCode=CRS1", "last_updated_on": "2019-03-07T18:14:10.845Z", "schema": "repo", "storage_type": "table", "active_mirror_name": "dac2_current", "description": "Data about flows of resources", "tags": []}}, {"model": "core.source", "pk": 4, "fields": {"created_on": "2019-03-07T18:14:10.845Z", "updated_on": null, "user": null, "indicator": "Official Development Assistance 2b", "indicator_acronym": "dac2b", "source": "Organization for Economic Corporation and Development", "source_acronym": "oecd", "source_url": "https://stats.oecd.org", "download_path": "https://stats.oecd.org/DownloadFiles.aspx?DatasetCode=CRS1", "last_updated_on": "2019-03-07T18:14:10.845Z", "schema": "repo", "storage_type": "table", "active_mirror_name": "dac2b_current", "description": "Data about flows of resources", "tags": []}}, {"model": "core.source", "pk": 5, "fields": {"created_on": "2019-03-07T18:14:10.845Z", "updated_on": null, "user": null, "indicator": "Official Development Assistance 5", "indicator_acronym": "dac5", "source": "Organization for Economic Corporation and Development", "source_acronym": "oecd", "source_url": "https://stats.oecd.org", "download_path": "https://stats.oecd.org/DownloadFiles.aspx?DatasetCode=CRS1", "last_updated_on": "2019-03-07T18:14:10.845Z", "schema": "repo", "storage_type": "table", "active_mirror_name": "dac5_current", "description": "Data about flows of resources", "tags": []}}, {"model": "core.source", "pk": 6, "fields": {"created_on": "2019-03-07T18:14:10.845Z", "updated_on": null, "user": null, "indicator": "World Bank Indicators", "indicator_acronym": "WDI", "source": "World Bank Group", "source_acronym": "WBG", "source_url": "http://wdi.worldbank.org", "download_path": "http://wdi.worldbank.org/tables", "last_updated_on": "2019-03-07T18:14:10.845Z", "schema": "repo", "storage_type": "schema", "active_mirror_name": "wdi", "description": "Data about flows of resources", "tags": []}}, {"model": "core.operationstep", "pk": 1, "fields": {"created_on": "2019-03-07T18:14:11.013Z", "updated_on": "2019-03-07T18:14:11.013Z", "user": null, "operation": 1, "step_id": 1, "name": "query", "description": "Get oda data from crs table", "query_func": "select", "query_kwargs": "{}", "source": 1}}, {"model": "core.operationstep", "pk": 2, "fields": {"created_on": "2019-03-07T18:14:11.013Z", "updated_on": "2019-03-07T18:14:11.013Z", "user": null, "operation": 1, "step_id": 2, "name": "filter", "description": "Filter oda by row on oda_donor and ftr", "query_func": "filter", "query_kwargs": "{\"filters\":{\"year\":1973}}", "source": 1}}, {"model": "core.sourcecolumnmap", "pk": 1, "fields": {"created_on": "2019-03-07T18:14:10.886Z", "updated_on": "2019-03-07T18:14:10.886Z", "user": null, "source": 1, "name": "year", "description": "Reporting year", "source_name": "Year"}}, {"model": "core.sourcecolumnmap", "pk": 2, "fields": {"created_on": "2019-03-07T18:14:10.886Z", "updated_on": "2019-03-07T18:14:10.886Z", "user": null, "source": 1, "name": "donor_code", "description": "Reporting country/organisation", "source_name": "DonorCode"}}, {"model": "core.sourcecolumnmap", "pk": 3, "fields": {"created_on": "2019-03-07T18:14:10.886Z", "updated_on": "2019-03-07T18:14:10.886Z", "user": null, "source": 1, "name": "donor_name", "description": "Reporting country/organisation", "source_name": "DonorName"}}, {"model": "core.sourcecolumnmap", "pk": 4, "fields": {"created_on": "2019-03-07T18:14:10.886Z", "updated_on": "2019-03-07T18:14:10.886Z", "user": null, "source": 1, "name": "agency_code", "description": "Extending agency", "source_name": "AgencyCode"}}, {"model": "core.sourcecolumnmap", "pk": 5, "fields": {"created_on": "2019-03-07T18:14:10.886Z", "updated_on": "2019-03-07T18:14:10.886Z", "user": null, "source": 1, "name": "agency_name", "description": "Extending agency", "source_name": "AgencyName"}}, {"model": "core.sourcecolumnmap", "pk": 6, "fields": {"created_on": "2019-03-07T18:14:10.886Z", "updated_on": "2019-03-07T18:14:10.886Z", "user": null, "source": 1, "name": "crs_id", "description": "CRS Identification number", "source_name": "CRSid"}}, {"model": "core.sourcecolumnmap", "pk": 7, "fields": {"created_on": "2019-03-07T18:14:10.886Z", "updated_on": "2019-03-07T18:14:10.886Z", "user": null, "source": 1, "name": "project_number", "description": "Donor project number", "source_name": "ProjectNumber"}}, {"model": "core.sourcecolumnmap", "pk": 8, "fields": {"created_on": "2019-03-07T18:14:10.886Z", "updated_on": "2019-03-07T18:14:10.886Z", "user": null, "source": 1, "name": "initial_report", "description": "Nature of submission", "source_name": "InitialReport"}}, {"model": "core.sourcecolumnmap", "pk": 9, "fields": {"created_on": "2019-03-07T18:14:10.886Z", "updated_on": "2019-03-07T18:14:10.886Z", "user": null, "source": 1, "name": "recipient_code", "description": "Recipient", "source_name": "RecipientCode"}}, {"model": "core.sourcecolumnmap", "pk": 10, "fields": {"created_on": "2019-03-07T18:14:10.886Z", "updated_on": "2019-03-07T18:14:10.886Z", "user": null, "source": 1, "name": "recipient_name", "description": "Recipient", "source_name": "RecipientName"}}, {"model": "core.sourcecolumnmap", "pk": 11, "fields": {"created_on": "2019-03-07T18:14:10.886Z", "updated_on": "2019-03-07T18:14:10.886Z", "user": null, "source": 1, "name": "region_code", "description": "Recipient", "source_name": "RegionCode"}}, {"model": "core.sourcecolumnmap", "pk": 12, "fields": {"created_on": "2019-03-07T18:14:10.886Z", "updated_on": "2019-03-07T18:14:10.886Z", "user": null, "source": 1, "name": "region_name", "description": "Recipient", "source_name": "RegionName"}}, {"model": "core.sourcecolumnmap", "pk": 13, "fields": {"created_on": "2019-03-07T18:14:10.886Z", "updated_on": "2019-03-07T18:14:10.886Z", "user": null, "source": 1, "name": "income_group_code", "description": "Recipient", "source_name": "IncomegroupCode"}}, {"model": "core.sourcecolumnmap", "pk": 14, "fields": {"created_on": "2019-03-07T18:14:10.886Z", "updated_on": "2019-03-07T18:14:10.886Z", "user": null, "source": 1, "name": "income_group_name", "description": "Recipient", "source_name": "IncomegroupName"}}, {"model": "core.sourcecolumnmap", "pk": 15, "fields": {"created_on": "2019-03-07T18:14:10.886Z", "updated_on": "2019-03-07T18:14:10.886Z", "user": null, "source": 1, "name": "flow_code", "description": "? (Type of flow)", "source_name": "FlowCode"}}, {"model": "core.sourcecolumnmap", "pk": 16, "fields": {"created_on": "2019-03-07T18:14:10.886Z", "updated_on": "2019-03-07T18:14:10.886Z", "user": null, "source": 1, "name": "flow_name", "description": "? (Type of flow)", "source_name": "FlowName"}}, {"model": "core.sourcecolumnmap", "pk": 17, "fields": {"created_on": "2019-03-07T18:14:10.886Z", "updated_on": "2019-03-07T18:14:10.886Z", "user": null, "source": 1, "name": "bilateral_multilateral", "description": "Bi/Multi", "source_name": "bi_multi"}}, {"model": "core.sourcecolumnmap", "pk": 18, "fields": {"created_on": "2019-03-07T18:14:10.886Z", "updated_on": "2019-03-07T18:14:10.886Z", "user": null, "source": 1, "name": "category", "description": "Type of flow", "source_name": "Category"}}, {"model": "core.sourcecolumnmap", "pk": 19, "fields": {"created_on": "2019-03-07T18:14:10.886Z", "updated_on": "2019-03-07T18:14:10.886Z", "user": null, "source": 1, "name": "finance_type", "description": "Type of finance", "source_name": "Finance_t"}}, {"model": "core.sourcecolumnmap", "pk": 20, "fields": {"created_on": "2019-03-07T18:14:10.886Z", "updated_on": "2019-03-07T18:14:10.886Z", "user": null, "source": 1, "name": "aid_type", "description": "Type of aid", "source_name": "Aid_t"}}, {"model": "core.sourcecolumnmap", "pk": 21, "fields": {"created_on": "2019-03-07T18:14:10.886Z", "updated_on": "2019-03-07T18:14:10.886Z", "user": null, "source": 1, "name": "usd_commitment", "description": "", "source_name": "usd_commitment"}}, {"model": "core.sourcecolumnmap", "pk": 22, "fields": {"created_on": "2019-03-07T18:14:10.886Z", "updated_on": "2019-03-07T18:14:10.886Z", "user": null, "source": 1, "name": "usd_disbursement", "description": "Commitments", "source_name": "usd_disbursement"}}, {"model": "core.sourcecolumnmap", "pk": 23, "fields": {"created_on": "2019-03-07T18:14:10.886Z", "updated_on": "2019-03-07T18:14:10.886Z", "user": null, "source": 1, "name": "usd_received", "description": "Amounts extended", "source_name": "usd_received"}}, {"model": "core.sourcecolumnmap", "pk": 24, "fields": {"created_on": "2019-03-07T18:14:10.886Z", "updated_on": "2019-03-07T18:14:10.886Z", "user": null, "source": 1, "name": "usd_commitment_deflated", "description": "Amounts received", "source_name": "usd_commitment_defl"}}, {"model": "core.sourcecolumnmap", "pk": 25, "fields": {"created_on": "2019-03-07T18:14:10.886Z", "updated_on": "2019-03-07T18:14:10.886Z", "user": null, "source": 1, "name": "usd_disbursement_deflated", "description": "Commitments", "source_name": "usd_disbursement_defl"}}, {"model": "core.sourcecolumnmap", "pk": 26, "fields": {"created_on": "2019-03-07T18:14:10.886Z", "updated_on": "2019-03-07T18:14:10.886Z", "user": null, "source": 1, "name": "usd_received_deflated", "description": "Amounts extended", "source_name": "usd_received_defl"}}, {"model": "core.sourcecolumnmap", "pk": 27, "fields": {"created_on": "2019-03-07T18:14:10.886Z", "updated_on": "2019-03-07T18:14:10.886Z", "user": null, "source": 1, "name": "usd_adjustment", "description": "Amounts received", "source_name": "usd_adjustment"}}, {"model": "core.sourcecolumnmap", "pk": 28, "fields": {"created_on": "2019-03-07T18:14:10.886Z", "updated_on": "2019-03-07T18:14:10.886Z", "user": null, "source": 1, "name": "usd_adjustment_deflated", "description": "", "source_name": "usd_adjustment_defl"}}, {"model": "core.sourcecolumnmap", "pk": 29, "fields": {"created_on": "2019-03-07T18:14:10.886Z", "updated_on": "2019-03-07T18:14:10.886Z", "user": null, "source": 1, "name": "usd_amount_untied", "description": "Amount untied", "source_name": "usd_amountuntied"}}, {"model": "core.sourcecolumnmap", "pk": 30, "fields": {"created_on": "2019-03-07T18:14:10.886Z", "updated_on": "2019-03-07T18:14:10.886Z", "user": null, "source": 1, "name": "usd_amount_partial_tied", "description": "Amount partially untied", "source_name": "usd_amountpartialtied"}}, {"model": "core.sourcecolumnmap", "pk": 31, "fields": {"created_on": "2019-03-07T18:14:10.886Z", "updated_on": "2019-03-07T18:14:10.886Z", "user": null, "source": 1, "name": "usd_amount_tied", "description": "Amount tied", "source_name": "usd_amounttied"}}, {"model": "core.sourcecolumnmap", "pk": 32, "fields": {"created_on": "2019-03-07T18:14:10.886Z", "updated_on": "2019-03-07T18:14:10.886Z", "user": null, "source": 1, "name": "usd_amount_untied_deflated", "description": "Amount untied", "source_name": "usd_amountuntied_defl"}}, {"model": "core.sourcecolumnmap", "pk": 33, "fields": {"created_on": "2019-03-07T18:14:10.886Z", "updated_on": "2019-03-07T18:14:10.886Z", "user": null, "source": 1, "name": "usd_amount_partial_tied_deflated", "description": "Amount partially untied", "source_name": "usd_amountpartialtied_defl"}}, {"model": "core.sourcecolumnmap", "pk": 34, "fields": {"created_on": "2019-03-07T18:14:10.886Z", "updated_on": "2019-03-07T18:14:10.886Z", "user": null, "source": 1, "name": "usd_amount_tied_deflated", "description": "Amount tied", "source_name": "usd_amounttied_defl"}}, {"model": "core.sourcecolumnmap", "pk": 35, "fields": {"created_on": "2019-03-07T18:14:10.886Z", "updated_on": "2019-03-07T18:14:10.886Z", "user": null, "source": 1, "name": "usd_irtc", "description": "Amount of IRTC", "source_name": "usd_IRTC"}}, {"model": "core.sourcecolumnmap", "pk": 36, "fields": {"created_on": "2019-03-07T18:14:10.886Z", "updated_on": "2019-03-07T18:14:10.886Z", "user": null, "source": 1, "name": "usd_expert_commitment", "description": "If project-type, amount of experts_commitments", "source_name": "usd_expert_commitment"}}, {"model": "core.sourcecolumnmap", "pk": 37, "fields": {"created_on": "2019-03-07T18:14:10.886Z", "updated_on": "2019-03-07T18:14:10.886Z", "user": null, "source": 1, "name": "usd_expert_extended", "description": "If project-type, amount of experts_extended", "source_name": "usd_expert_extended"}}, {"model": "core.sourcecolumnmap", "pk": 38, "fields": {"created_on": "2019-03-07T18:14:10.886Z", "updated_on": "2019-03-07T18:14:10.886Z", "user": null, "source": 1, "name": "usd_export_credit", "description": "Amount of export credit in AF package", "source_name": "usd_export_credit"}}, {"model": "core.sourcecolumnmap", "pk": 39, "fields": {"created_on": "2019-03-07T18:14:10.886Z", "updated_on": "2019-03-07T18:14:10.886Z", "user": null, "source": 1, "name": "currency_code", "description": "Currency", "source_name": "CurrencyCode"}}, {"model": "core.sourcecolumnmap", "pk": 40, "fields": {"created_on": "2019-03-07T18:14:10.886Z", "updated_on": "2019-03-07T18:14:10.886Z", "user": null, "source": 1, "name": "commitment_national", "description": "Commitments", "source_name": "commitment_national"}}, {"model": "core.sourcecolumnmap", "pk": 41, "fields": {"created_on": "2019-03-07T18:14:10.886Z", "updated_on": "2019-03-07T18:14:10.886Z", "user": null, "source": 1, "name": "disbursement_national", "description": "Amounts extended", "source_name": "disbursement_national"}}, {"model": "core.sourcecolumnmap", "pk": 42, "fields": {"created_on": "2019-03-07T18:14:10.886Z", "updated_on": "2019-03-07T18:14:10.886Z", "user": null, "source": 1, "name": "grant_equivalent", "description": "", "source_name": "GrantEquiv"}}, {"model": "core.sourcecolumnmap", "pk": 43, "fields": {"created_on": "2019-03-07T18:14:10.886Z", "updated_on": "2019-03-07T18:14:10.886Z", "user": null, "source": 1, "name": "usd_grant_equivalent", "description": "", "source_name": "usd_GrantEquiv"}}, {"model": "core.sourcecolumnmap", "pk": 44, "fields": {"created_on": "2019-03-07T18:14:10.886Z", "updated_on": "2019-03-07T18:14:10.886Z", "user": null, "source": 1, "name": "short_description", "description": "Short description/Project title", "source_name": "ShortDescription"}}, {"model": "core.sourcecolumnmap", "pk": 45, "fields": {"created_on": "2019-03-07T18:14:10.886Z", "updated_on": "2019-03-07T18:14:10.886Z", "user": null, "source": 1, "name": "project_title", "description": "Short description/Project title", "source_name": "ProjectTitle"}}, {"model": "core.sourcecolumnmap", "pk": 46, "fields": {"created_on": "2019-03-07T18:14:10.886Z", "updated_on": "2019-03-07T18:14:10.886Z", "user": null, "source": 1, "name": "purpose_code", "description": "Sector/Purpose code", "source_name": "PurposeCode"}}, {"model": "core.sourcecolumnmap", "pk": 47, "fields": {"created_on": "2019-03-07T18:14:10.886Z", "updated_on": "2019-03-07T18:14:10.886Z", "user": null, "source": 1, "name": "purpose_name", "description": "Sector/Purpose code", "source_name": "PurposeName"}}, {"model": "core.sourcecolumnmap", "pk": 48, "fields": {"created_on": "2019-03-07T18:14:10.886Z", "updated_on": "2019-03-07T18:14:10.886Z", "user": null, "source": 1, "name": "sector_code", "description": "Sector/Purpose code", "source_name": "SectorCode"}}, {"model": "core.sourcecolumnmap", "pk": 49, "fields": {"created_on": "2019-03-07T18:14:10.886Z", "updated_on": "2019-03-07T18:14:10.886Z", "user": null, "source": 1, "name": "sector_name", "description": "Sector/Purpose code", "source_name": "SectorName"}}, {"model": "core.sourcecolumnmap", "pk": 50, "fields": {"created_on": "2019-03-07T18:14:10.886Z", "updated_on": "2019-03-07T18:14:10.886Z", "user": null, "source": 1, "name": "channel_code", "description": "Channel code", "source_name": "ChannelCode"}}, {"model": "core.sourcecolumnmap", "pk": 51, "fields": {"created_on": "2019-03-07T18:14:10.886Z", "updated_on": "2019-03-07T18:14:10.886Z", "user": null, "source": 1, "name": "channel_name", "description": "Channel of delivery", "source_name": "ChannelName"}}, {"model": "core.sourcecolumnmap", "pk": 52, "fields": {"created_on": "2019-03-07T18:14:10.886Z", "updated_on": "2019-03-07T18:14:10.886Z", "user": null, "source": 1, "name": "channel_reported_name", "description": "Channel of delivery", "source_name": "ChannelReportedName"}}, {"model": "core.sourcecolumnmap", "pk": 53, "fields": {"created_on": "2019-03-07T18:14:10.886Z", "updated_on": "2019-03-07T18:14:10.886Z", "user": null, "source": 1, "name": "parent_channel_code", "description": "", "source_name": "ParentChannelCode"}}, {"model": "core.sourcecolumnmap", "pk": 54, "fields": {"created_on": "2019-03-07T18:14:10.886Z", "updated_on": "2019-03-07T18:14:10.886Z", "user": null, "source": 1, "name": "geography", "description": "Geographical target area", "source_name": "Geography"}}, {"model": "core.sourcecolumnmap", "pk": 55, "fields": {"created_on": "2019-03-07T18:14:10.886Z", "updated_on": "2019-03-07T18:14:10.886Z", "user": null, "source": 1, "name": "expected_start_date", "description": "Expected starting date", "source_name": "ExpectedStartDate"}}, {"model": "core.sourcecolumnmap", "pk": 56, "fields": {"created_on": "2019-03-07T18:14:10.886Z", "updated_on": "2019-03-07T18:14:10.886Z", "user": null, "source": 1, "name": "completion_date", "description": "Expected completion date", "source_name": "CompletionDate"}}, {"model": "core.sourcecolumnmap", "pk": 57, "fields": {"created_on": "2019-03-07T18:14:10.886Z", "updated_on": "2019-03-07T18:14:10.886Z", "user": null, "source": 1, "name": "long_description", "description": "Description", "source_name": "LongDescription"}}, {"model": "core.sourcecolumnmap", "pk": 58, "fields": {"created_on": "2019-03-07T18:14:10.886Z", "updated_on": "2019-03-07T18:14:10.886Z", "user": null, "source": 1, "name": "gender", "description": "Gender equality", "source_name": "Gender"}}, {"model": "core.sourcecolumnmap", "pk": 59, "fields": {"created_on": "2019-03-07T18:14:10.886Z", "updated_on": "2019-03-07T18:14:10.886Z", "user": null, "source": 1, "name": "environment", "description": "Aid to environment", "source_name": "Environment"}}, {"model": "core.sourcecolumnmap", "pk": 60, "fields": {"created_on": "2019-03-07T18:14:10.886Z", "updated_on": "2019-03-07T18:14:10.886Z", "user": null, "source": 1, "name": "trade", "description": "Trade development", "source_name": "Trade"}}, {"model": "core.sourcecolumnmap", "pk": 61, "fields": {"created_on": "2019-03-07T18:14:10.886Z", "updated_on": "2019-03-07T18:14:10.886Z", "user": null, "source": 1, "name": "pdgg", "description": "PD/GG", "source_name": "Pdgg"}}, {"model": "core.sourcecolumnmap", "pk": 62, "fields": {"created_on": "2019-03-07T18:14:10.886Z", "updated_on": "2019-03-07T18:14:10.886Z", "user": null, "source": 1, "name": "ftc", "description": "FTC", "source_name": "FTC"}}, {"model": "core.sourcecolumnmap", "pk": 63, "fields": {"created_on": "2019-03-07T18:14:10.886Z", "updated_on": "2019-03-07T18:14:10.886Z", "user": null, "source": 1, "name": "pba", "description": "Programme-based approach", "source_name": "PBA"}}, {"model": "core.sourcecolumnmap", "pk": 64, "fields": {"created_on": "2019-03-07T18:14:10.886Z", "updated_on": "2019-03-07T18:14:10.886Z", "user": null, "source": 1, "name": "investment_project", "description": "Investment", "source_name": "InvestmentProject"}}, {"model": "core.sourcecolumnmap", "pk": 65, "fields": {"created_on": "2019-03-07T18:14:10.886Z", "updated_on": "2019-03-07T18:14:10.886Z", "user": null, "source": 1, "name": "associated_finance", "description": "Associated financing", "source_name": "AssocFinance"}}, {"model": "core.sourcecolumnmap", "pk": 66, "fields": {"created_on": "2019-03-07T18:14:10.886Z", "updated_on": "2019-03-07T18:14:10.886Z", "user": null, "source": 1, "name": "biodiversity", "description": "Biodiversity", "source_name": "biodiversity"}}, {"model": "core.sourcecolumnmap", "pk": 67, "fields": {"created_on": "2019-03-07T18:14:10.886Z", "updated_on": "2019-03-07T18:14:10.886Z", "user": null, "source": 1, "name": "climate_mitigation", "description": "Climate change \u2013 mitigation", "source_name": "climateMitigation"}}, {"model": "core.sourcecolumnmap", "pk": 68, "fields": {"created_on": "2019-03-07T18:14:10.886Z", "updated_on": "2019-03-07T18:14:10.886Z", "user": null, "source": 1, "name": "climate_adaptation", "description": "Climate change \u2013 adaptation", "source_name": "climateAdaptation"}}, {"model": "core.sourcecolumnmap", "pk": 69, "fields": {"created_on": "2019-03-07T18:14:10.886Z", "updated_on": "2019-03-07T18:14:10.886Z", "user": null, "source": 1, "name": "desertification", "description": "Desertification", "source_name": "desertification"}}, {"model": "core.sourcecolumnmap", "pk": 70, "fields": {"created_on": "2019-03-07T18:14:10.886Z", "updated_on": "2019-03-07T18:14:10.886Z", "user": null, "source": 1, "name": "commitment_date", "description": "", "source_name": "commitmentdate"}}, {"model": "core.sourcecolumnmap", "pk": 71, "fields": {"created_on": "2019-03-07T18:14:10.886Z", "updated_on": "2019-03-07T18:14:10.886Z", "user": null, "source": 1, "name": "type_repayment", "description": "Type of repayment", "source_name": "typerepayment"}}, {"model": "core.sourcecolumnmap", "pk": 72, "fields": {"created_on": "2019-03-07T18:14:10.886Z", "updated_on": "2019-03-07T18:14:10.886Z", "user": null, "source": 1, "name": "number_repayment", "description": "Number of repayments per annum", "source_name": "numberrepayment"}}, {"model": "core.sourcecolumnmap", "pk": 73, "fields": {"created_on": "2019-03-07T18:14:10.886Z", "updated_on": "2019-03-07T18:14:10.886Z", "user": null, "source": 1, "name": "interest_1", "description": "Interest rate", "source_name": "interest1"}}, {"model": "core.sourcecolumnmap", "pk": 74, "fields": {"created_on": "2019-03-07T18:14:10.886Z", "updated_on": "2019-03-07T18:14:10.886Z", "user": null, "source": 1, "name": "interest_2", "description": "Second interest rate", "source_name": "interest2"}}, {"model": "core.sourcecolumnmap", "pk": 75, "fields": {"created_on": "2019-03-07T18:14:10.886Z", "updated_on": "2019-03-07T18:14:10.886Z", "user": null, "source": 1, "name": "repay_date_1", "description": "First repayment date", "source_name": "repaydate1"}}, {"model": "core.sourcecolumnmap", "pk": 76, "fields": {"created_on": "2019-03-07T18:14:10.886Z", "updated_on": "2019-03-07T18:14:10.886Z", "user": null, "source": 1, "name": "repay_date_2", "description": "Final repayment date", "source_name": "repaydate2"}}, {"model": "core.sourcecolumnmap", "pk": 77, "fields": {"created_on": "2019-03-07T18:14:10.886Z", "updated_on": "2019-03-07T18:14:10.886Z", "user": null, "source": 1, "name": "grant_element", "description": "", "source_name": "grantelement"}}, {"model": "core.sourcecolumnmap", "pk": 78, "fields": {"created_on": "2019-03-07T18:14:10.886Z", "updated_on": "2019-03-07T18:14:10.886Z", "user": null, "source": 1, "name": "usd_interest", "description": "Interest received", "source_name": "usd_interest"}}, {"model": "core.sourcecolumnmap", "pk": 79, "fields": {"created_on": "2019-03-07T18:14:10.886Z", "updated_on": "2019-03-07T18:14:10.886Z", "user": null, "source": 1, "name": "usd_outstanding", "description": "Principal disbursed and still outstanding", "source_name": "usd_outstanding"}}, {"model": "core.sourcecolumnmap", "pk": 80, "fields": {"created_on": "2019-03-07T18:14:10.886Z", "updated_on": "2019-03-07T18:14:10.886Z", "user": null, "source": 1, "name": "usd_arrears_principal", "description": "Arrears of principal (included in field 5)", "source_name": "usd_arrears_principal"}}, {"model": "core.sourcecolumnmap", "pk": 81, "fields": {"created_on": "2019-03-07T18:14:10.886Z", "updated_on": "2019-03-07T18:14:10.886Z", "user": null, "source": 1, "name": "usd_arrears_interest", "description": "Arrears of interest", "source_name": "usd_arrears_interest"}}, {"model": "core.sourcecolumnmap", "pk": 82, "fields": {"created_on": "2019-03-07T18:14:10.886Z", "updated_on": "2019-03-07T18:14:10.886Z", "user": null, "source": 1, "name": "usd_future_debt_service_principal", "description": "", "source_name": "usd_future_DS_principal"}}, {"model": "core.sourcecolumnmap", "pk": 83, "fields": {"created_on": "2019-03-07T18:14:10.886Z", "updated_on": "2019-03-07T18:14:10.886Z", "user": null, "source": 1, "name": "usd_future_debt_service_interest", "description": "", "source_name": "usd_future_DS_interest"}}, {"model": "core.sourcecolumnmap", "pk": 84, "fields": {"created_on": "2019-03-07T18:14:10.886Z", "updated_on": "2019-03-07T18:14:10.886Z", "user": null, "source": 1, "name": "rmnch", "description": "", "source_name": "RMNCH"}}, {"model": "core.sourcecolumnmap", "pk": 85, "fields": {"created_on": "2019-03-07T18:14:10.886Z", "updated_on": "2019-03-07T18:14:10.886Z", "user": null, "source": 1, "name": "budget_identifier", "description": "", "source_name": "BudgetIdent"}}, {"model": "core.sourcecolumnmap", "pk": 86, "fields": {"created_on": "2019-03-07T18:14:10.886Z", "updated_on": "2019-03-07T18:14:10.886Z", "user": null, "source": 1, "name": "capital_expenditure", "description": "", "source_name": "CapitalExpend"}}, {"model": "core.sourcecolumnmap", "pk": 87, "fields": {"created_on": "2019-03-07T18:14:10.913Z", "updated_on": "2019-03-07T18:14:10.913Z", "user": null, "source": 2, "name": "donor_code", "description": null, "source_name": "DONOR"}}, {"model": "core.sourcecolumnmap", "pk": 88, "fields": {"created_on": "2019-03-07T18:14:10.913Z", "updated_on": "2019-03-07T18:14:10.913Z", "user": null, "source": 2, "name": "donor_name", "description": null, "source_name": "Donor"}}, {"model": "core.sourcecolumnmap", "pk": 89, "fields": {"created_on": "2019-03-07T18:14:10.913Z", "updated_on": "2019-03-07T18:14:10.913Z", "user": null, "source": 2, "name": "part_code", "description": null, "source_name": "PART"}}, {"model": "core.sourcecolumnmap", "pk": 90, "fields": {"created_on": "2019-03-07T18:14:10.913Z", "updated_on": "2019-03-07T18:14:10.913Z", "user": null, "source": 2, "name": "part_name", "description": null, "source_name": "Part"}}, {"model": "core.sourcecolumnmap", "pk": 91, "fields": {"created_on": "2019-03-07T18:14:10.913Z", "updated_on": "2019-03-07T18:14:10.913Z", "user": null, "source": 2, "name": "aid_type_code", "description": null, "source_name": "AIDTYPE"}}, {"model": "core.sourcecolumnmap", "pk": 92, "fields": {"created_on": "2019-03-07T18:14:10.913Z", "updated_on": "2019-03-07T18:14:10.913Z", "user": null, "source": 2, "name": "aid_type_name", "description": null, "source_name": "Aid type"}}, {"model": "core.sourcecolumnmap", "pk": 93, "fields": {"created_on": "2019-03-07T18:14:10.913Z", "updated_on": "2019-03-07T18:14:10.913Z", "user": null, "source": 2, "name": "flows", "description": null, "source_name": "FLOWS"}}, {"model": "core.sourcecolumnmap", "pk": 94, "fields": {"created_on": "2019-03-07T18:14:10.913Z", "updated_on": "2019-03-07T18:14:10.913Z", "user": null, "source": 2, "name": "fund_flows", "description": null, "source_name": "Fund flows"}}, {"model": "core.sourcecolumnmap", "pk": 95, "fields": {"created_on": "2019-03-07T18:14:10.913Z", "updated_on": "2019-03-07T18:14:10.913Z", "user": null, "source": 2, "name": "amount_type_code", "description": null, "source_name": "AMOUNTTYPE"}}, {"model": "core.sourcecolumnmap", "pk": 96, "fields": {"created_on": "2019-03-07T18:14:10.913Z", "updated_on": "2019-03-07T18:14:10.913Z", "user": null, "source": 2, "name": "amount_type_name", "description": null, "source_name": "Amount type"}}, {"model": "core.sourcecolumnmap", "pk": 97, "fields": {"created_on": "2019-03-07T18:14:10.913Z", "updated_on": "2019-03-07T18:14:10.913Z", "user": null, "source": 2, "name": "time", "description": null, "source_name": "TIME"}}, {"model": "core.sourcecolumnmap", "pk": 98, "fields": {"created_on": "2019-03-07T18:14:10.913Z", "updated_on": "2019-03-07T18:14:10.913Z", "user": null, "source": 2, "name": "year", "description": null, "source_name": "Year"}}, {"model": "core.sourcecolumnmap", "pk": 99, "fields": {"created_on": "2019-03-07T18:14:10.913Z", "updated_on": "2019-03-07T18:14:10.913Z", "user": null, "source": 2, "name": "value", "description": null, "source_name": "Value"}}, {"model": "core.sourcecolumnmap", "pk": 100, "fields": {"created_on": "2019-03-07T18:14:10.913Z", "updated_on": "2019-03-07T18:14:10.913Z", "user": null, "source": 2, "name": "flags", "description": null, "source_name": "Flags"}}, {"model": "core.sourcecolumnmap", "pk": 101, "fields": {"created_on": "2019-03-07T18:14:10.925Z", "updated_on": "2019-03-07T18:14:10.925Z", "user": null, "source": 3, "name": "recipient_code", "description": null, "source_name": "RECIPIENT"}}, {"model": "core.sourcecolumnmap", "pk": 102, "fields": {"created_on": "2019-03-07T18:14:10.925Z", "updated_on": "2019-03-07T18:14:10.925Z", "user": null, "source": 3, "name": "recipient_name", "description": null, "source_name": "Recipient"}}, {"model": "core.sourcecolumnmap", "pk": 103, "fields": {"created_on": "2019-03-07T18:14:10.925Z", "updated_on": "2019-03-07T18:14:10.925Z", "user": null, "source": 3, "name": "donor_code", "description": null, "source_name": "DONOR"}}, {"model": "core.sourcecolumnmap", "pk": 104, "fields": {"created_on": "2019-03-07T18:14:10.925Z", "updated_on": "2019-03-07T18:14:10.925Z", "user": null, "source": 3, "name": "donor_name", "description": null, "source_name": "Donor"}}, {"model": "core.sourcecolumnmap", "pk": 105, "fields": {"created_on": "2019-03-07T18:14:10.925Z", "updated_on": "2019-03-07T18:14:10.925Z", "user": null, "source": 3, "name": "part_code", "description": null, "source_name": "PART"}}, {"model": "core.sourcecolumnmap", "pk": 106, "fields": {"created_on": "2019-03-07T18:14:10.925Z", "updated_on": "2019-03-07T18:14:10.925Z", "user": null, "source": 3, "name": "part_name", "description": null, "source_name": "Part"}}, {"model": "core.sourcecolumnmap", "pk": 107, "fields": {"created_on": "2019-03-07T18:14:10.925Z", "updated_on": "2019-03-07T18:14:10.925Z", "user": null, "source": 3, "name": "aid_type_code", "description": null, "source_name": "AIDTYPE"}}, {"model": "core.sourcecolumnmap", "pk": 108, "fields": {"created_on": "2019-03-07T18:14:10.925Z", "updated_on": "2019-03-07T18:14:10.925Z", "user": null, "source": 3, "name": "aid_type_name", "description": null, "source_name": "Aid type"}}, {"model": "core.sourcecolumnmap", "pk": 109, "fields": {"created_on": "2019-03-07T18:14:10.925Z", "updated_on": "2019-03-07T18:14:10.925Z", "user": null, "source": 3, "name": "data_type", "description": null, "source_name": "DATATYPE"}}, {"model": "core.sourcecolumnmap", "pk": 110, "fields": {"created_on": "2019-03-07T18:14:10.925Z", "updated_on": "2019-03-07T18:14:10.925Z", "user": null, "source": 3, "name": "amount_type", "description": null, "source_name": "Amount type"}}, {"model": "core.sourcecolumnmap", "pk": 111, "fields": {"created_on": "2019-03-07T18:14:10.925Z", "updated_on": "2019-03-07T18:14:10.925Z", "user": null, "source": 3, "name": "time", "description": null, "source_name": "TIME"}}, {"model": "core.sourcecolumnmap", "pk": 112, "fields": {"created_on": "2019-03-07T18:14:10.925Z", "updated_on": "2019-03-07T18:14:10.925Z", "user": null, "source": 3, "name": "year", "description": null, "source_name": "Year"}}, {"model": "core.sourcecolumnmap", "pk": 113, "fields": {"created_on": "2019-03-07T18:14:10.925Z", "updated_on": "2019-03-07T18:14:10.925Z", "user": null, "source": 3, "name": "value", "description": null, "source_name": "Value"}}, {"model": "core.sourcecolumnmap", "pk": 114, "fields": {"created_on": "2019-03-07T18:14:10.925Z", "updated_on": "2019-03-07T18:14:10.925Z", "user": null, "source": 3, "name": "flags", "description": null, "source_name": "Flags"}}, {"model": "core.sourcecolumnmap", "pk": 115, "fields": {"created_on": "2019-03-07T18:14:10.935Z", "updated_on": "2019-03-07T18:14:10.935Z", "user": null, "source": 4, "name": "recipient_code", "description": null, "source_name": "RECIPIENT"}}, {"model": "core.sourcecolumnmap", "pk": 116, "fields": {"created_on": "2019-03-07T18:14:10.935Z", "updated_on": "2019-03-07T18:14:10.935Z", "user": null, "source": 4, "name": "recipient_name", "description": null, "source_name": "Recipient"}}, {"model": "core.sourcecolumnmap", "pk": 117, "fields": {"created_on": "2019-03-07T18:14:10.935Z", "updated_on": "2019-03-07T18:14:10.935Z", "user": null, "source": 4, "name": "donor_code", "description": null, "source_name": "DONOR"}}, {"model": "core.sourcecolumnmap", "pk": 118, "fields": {"created_on": "2019-03-07T18:14:10.935Z", "updated_on": "2019-03-07T18:14:10.935Z", "user": null, "source": 4, "name": "donor_name", "description": null, "source_name": "Donor"}}, {"model": "core.sourcecolumnmap", "pk": 119, "fields": {"created_on": "2019-03-07T18:14:10.935Z", "updated_on": "2019-03-07T18:14:10.935Z", "user": null, "source": 4, "name": "part_code", "description": null, "source_name": "PART"}}, {"model": "core.sourcecolumnmap", "pk": 120, "fields": {"created_on": "2019-03-07T18:14:10.935Z", "updated_on": "2019-03-07T18:14:10.935Z", "user": null, "source": 4, "name": "part_name", "description": null, "source_name": "Part"}}, {"model": "core.sourcecolumnmap", "pk": 121, "fields": {"created_on": "2019-03-07T18:14:10.935Z", "updated_on": "2019-03-07T18:14:10.935Z", "user": null, "source": 4, "name": "aid_type_code", "description": null, "source_name": "AIDTYPE"}}, {"model": "core.sourcecolumnmap", "pk": 122, "fields": {"created_on": "2019-03-07T18:14:10.935Z", "updated_on": "2019-03-07T18:14:10.935Z", "user": null, "source": 4, "name": "aid_type_name", "description": null, "source_name": "Aid type"}}, {"model": "core.sourcecolumnmap", "pk": 123, "fields": {"created_on": "2019-03-07T18:14:10.935Z", "updated_on": "2019-03-07T18:14:10.935Z", "user": null, "source": 4, "name": "data_type", "description": null, "source_name": "DATATYPE"}}, {"model": "core.sourcecolumnmap", "pk": 124, "fields": {"created_on": "2019-03-07T18:14:10.935Z", "updated_on": "2019-03-07T18:14:10.935Z", "user": null, "source": 4, "name": "amount_type", "description": null, "source_name": "Amount type"}}, {"model": "core.sourcecolumnmap", "pk": 125, "fields": {"created_on": "2019-03-07T18:14:10.935Z", "updated_on": "2019-03-07T18:14:10.935Z", "user": null, "source": 4, "name": "time", "description": null, "source_name": "TIME"}}, {"model": "core.sourcecolumnmap", "pk": 126, "fields": {"created_on": "2019-03-07T18:14:10.935Z", "updated_on": "2019-03-07T18:14:10.935Z", "user": null, "source": 4, "name": "year", "description": null, "source_name": "Year"}}, {"model": "core.sourcecolumnmap", "pk": 127, "fields": {"created_on": "2019-03-07T18:14:10.935Z", "updated_on": "2019-03-07T18:14:10.935Z", "user": null, "source": 4, "name": "value", "description": null, "source_name": "Value"}}, {"model": "core.sourcecolumnmap", "pk": 128, "fields": {"created_on": "2019-03-07T18:14:10.935Z", "updated_on": "2019-03-07T18:14:10.935Z", "user": null, "source": 4, "name": "flags", "description": null, "source_name": "Flags"}}, {"model": "core.sourcecolumnmap", "pk": 129, "fields": {"created_on": "2019-03-07T18:14:10.946Z", "updated_on": "2019-03-07T18:14:10.946Z", "user": null, "source": 5, "name": "donor_code", "description": null, "source_name": "DONOR"}}, {"model": "core.sourcecolumnmap", "pk": 130, "fields": {"created_on": "2019-03-07T18:14:10.946Z", "updated_on": "2019-03-07T18:14:10.946Z", "user": null, "source": 5, "name": "donor_name", "description": null, "source_name": "Donor"}}, {"model": "core.sourcecolumnmap", "pk": 131, "fields": {"created_on": "2019-03-07T18:14:10.946Z", "updated_on": "2019-03-07T18:14:10.946Z", "user": null, "source": 5, "name": "sector_code", "description": null, "source_name": "SECTOR"}}, {"model": "core.sourcecolumnmap", "pk": 132, "fields": {"created_on": "2019-03-07T18:14:10.946Z", "updated_on": "2019-03-07T18:14:10.946Z", "user": null, "source": 5, "name": "sector_name", "description": null, "source_name": "Sector"}}, {"model": "core.sourcecolumnmap", "pk": 133, "fields": {"created_on": "2019-03-07T18:14:10.946Z", "updated_on": "2019-03-07T18:14:10.946Z", "user": null, "source": 5, "name": "aid_type_code", "description": null, "source_name": "AIDTYPE"}}, {"model": "core.sourcecolumnmap", "pk": 134, "fields": {"created_on": "2019-03-07T18:14:10.946Z", "updated_on": "2019-03-07T18:14:10.946Z", "user": null, "source": 5, "name": "aid_type_name", "description": null, "source_name": "Aid type"}}, {"model": "core.sourcecolumnmap", "pk": 135, "fields": {"created_on": "2019-03-07T18:14:10.946Z", "updated_on": "2019-03-07T18:14:10.946Z", "user": null, "source": 5, "name": "amount_type_code", "description": null, "source_name": "AMOUNTTYPE"}}, {"model": "core.sourcecolumnmap", "pk": 136, "fields": {"created_on": "2019-03-07T18:14:10.946Z", "updated_on": "2019-03-07T18:14:10.946Z", "user": null, "source": 5, "name": "amount_type_name", "description": null, "source_name": "Amount type"}}, {"model": "core.sourcecolumnmap", "pk": 137, "fields": {"created_on": "2019-03-07T18:14:10.946Z", "updated_on": "2019-03-07T18:14:10.946Z", "user": null, "source": 5, "name": "time", "description": null, "source_name": "TIME"}}, {"model": "core.sourcecolumnmap", "pk": 138, "fields": {"created_on": "2019-03-07T18:14:10.946Z", "updated_on": "2019-03-07T18:14:10.946Z", "user": null, "source": 5, "name": "year", "description": null, "source_name": "Year"}}, {"model": "core.sourcecolumnmap", "pk": 139, "fields": {"created_on": "2019-03-07T18:14:10.946Z", "updated_on": "2019-03-07T18:14:10.946Z", "user": null, "source": 5, "name": "value", "description": null, "source_name": "Value"}}, {"model": "core.sourcecolumnmap", "pk": 140, "fields": {"created_on": "2019-03-07T18:14:10.946Z", "updated_on": "2019-03-07T18:14:10.946Z", "user": null, "source": 5, "name": "flags", "description": null, "source_name": "Flags"}}, {"model": "core.updatehistory", "pk": 1, "fields": {"created_on": "2019-03-07T18:14:10.868Z", "updated_on": "2019-03-07T18:14:10.868Z", "user": null, "source": 1, "history_table": "crs_2018_09_10", "is_major_release": true, "released_on": "2018-12-14T10:14:10.868Z", "release_description": "Official release for 2018 April", "invalidated_on": "2019-03-07T18:14:10.868Z", "invalidation_description": "New release December 2018"}}, {"model": "core.updatehistory", "pk": 2, "fields": {"created_on": "2019-03-07T18:14:10.868Z", "updated_on": "2019-03-07T18:14:10.868Z", "user": null, "source": 1, "history_table": "crs_2018_02_10", "is_major_release": true, "released_on": "2018-09-22T02:14:10.868Z", "release_description": "Official release for 2018 April", "invalidated_on": "2018-12-14T10:14:10.868Z", "invalidation_description": "New release December 2017"}}, {"model": "core.updatehistory", "pk": 3, "fields": {"created_on": "2019-03-07T18:14:10.868Z", "updated_on": "2019-03-07T18:14:10.868Z", "user": null, "source": 2, "history_table": "dac1_2018_09_10", "is_major_release": true, "released_on": "2018-12-14T10:14:10.868Z", "release_description": "Official release for 2018 April", "invalidated_on": "2019-03-07T18:14:10.868Z", "invalidation_description": "New release December 2018"}}, {"model": "core.updatehistory", "pk": 4, "fields": {"created_on": "2019-03-07T18:14:10.868Z", "updated_on": "2019-03-07T18:14:10.868Z", "user": null, "source": 2, "history_table": "dac1_2018_02_10", "is_major_release": true, "released_on": "2018-09-22T02:14:10.868Z", "release_description": "Official release for 2018 April", "invalidated_on": "2018-12-14T10:14:10.868Z", "invalidation_description": "New release December 2017"}}, {"model": "core.updatehistory", "pk": 5, "fields": {"created_on": "2019-03-07T18:14:10.868Z", "updated_on": "2019-03-07T18:14:10.868Z", "user": null, "source": 3, "history_table": "dac2_2018_09_10", "is_major_release": true, "released_on": "2018-12-14T10:14:10.868Z", "release_description": "Official release for 2018 April", "invalidated_on": "2019-03-07T18:14:10.868Z", "invalidation_description": "New release December 2018"}}, {"model": "core.updatehistory", "pk": 6, "fields": {"created_on": "2019-03-07T18:14:10.868Z", "updated_on": "2019-03-07T18:14:10.868Z", "user": null, "source": 3, "history_table": "dac2_2018_02_10", "is_major_release": true, "released_on": "2018-09-22T02:14:10.868Z", "release_description": "Official release for 2018 April", "invalidated_on": "2018-12-14T10:14:10.868Z", "invalidation_description": "New release December 2017"}}, {"model": "core.updatehistory", "pk": 7, "fields": {"created_on": "2019-03-07T18:14:10.868Z", "updated_on": "2019-03-07T18:14:10.868Z", "user": null, "source": 3, "history_table": "dac2b_2018_09_10", "is_major_release": true, "released_on": "2018-12-14T10:14:10.868Z", "release_description": "Official release for 2018 April", "invalidated_on": "2019-03-07T18:14:10.868Z", "invalidation_description": "New release December 2018"}}, {"model": "core.updatehistory", "pk": 8, "fields": {"created_on": "2019-03-07T18:14:10.868Z", "updated_on": "2019-03-07T18:14:10.868Z", "user": null, "source": 3, "history_table": "dac2b_2018_02_10", "is_major_release": true, "released_on": "2018-09-22T02:14:10.868Z", "release_description": "Official release for 2018 April", "invalidated_on": "2018-12-14T10:14:10.868Z", "invalidation_description": "New release December 2017"}}, {"model": "core.updatehistory", "pk": 9, "fields": {"created_on": "2019-03-07T18:14:10.868Z", "updated_on": "2019-03-07T18:14:10.868Z", "user": null, "source": 4, "history_table": "dac2b_2018_09_10", "is_major_release": true, "released_on": "2018-12-14T10:14:10.868Z", "release_description": "Official release for 2018 April", "invalidated_on": "2019-03-07T18:14:10.868Z", "invalidation_description": "New release December 2018"}}, {"model": "core.updatehistory", "pk": 10, "fields": {"created_on": "2019-03-07T18:14:10.868Z", "updated_on": "2019-03-07T18:14:10.868Z", "user": null, "source": 4, "history_table": "dac2b_2018_02_10", "is_major_release": true, "released_on": "2018-09-22T02:14:10.868Z", "release_description": "Official release for 2018 April", "invalidated_on": "2018-12-14T10:14:10.868Z", "invalidation_description": "New release December 2017"}}]
